id,url,title,first_seen_ts
1,https://www.hepsiburada.com/ceta-dijital-oda-termometresi-sicaklik-ve-nem-olcer-masa-saati-alarm-pm-HBC00007D2FC2,,1761823722
2,https://www.hepsiburada.com/english-home-fancy-katlanabilir-sepet-36-x-26-x-14-cm-bej-pm-HB00000T05UR,,1761823799
3,https://www.hepsiburada.com/bosch-46-parca-tornavida-seti-pm-hrbsc2607019504,,1761823834
4,https://www.hepsiburada.com/liberti-lg-marka-su-aritma-cihazi-filtresi-kapali-kasa-5-li-filtre-seti-lg-membran-filtre-pm-HBC00002DNA38,,1761823850
5,https://www.hepsiburada.com/flamme-cift-tarafli-kopuk-bant-pm-HBC00003NRXKP,,1761823984
6,https://www.hepsiburada.com/viko-yonca-plus-beyaz-uclu-toprakli-priz-pm-HBC00005CHMUR,,1761824028
7,https://www.hepsiburada.com/-3-adet-lavine-fold-go-cok-amacli-kayar-raf-dolap-ici-kiyafet-ve-ev-aksesuari-duzenleyici-pudra-p-HBCV00009PQ2VV,,1761824108
8,https://www.hepsiburada.com/sturdy-58v-6ah-lion-cift-akulu-express-seri-darbeli-turbo-sarjli-matkap-27-parca-uc-setli-pm-HB00000I9SY7,,1761824146
9,https://www.hepsiburada.com/e-c-a-ert-176-rf-dijital-ekranli-kablosuz-oda-termostati-pm-HB00000VN2UI,,1761824284
10,https://www.hepsiburada.com/gunsan-uclu-cocuk-korumali-toprakli-priz-3m-pm-HB00000PV1JT,,1761824300
11,https://www.hepsiburada.com/whb-dijital-et-sut-su-sivi-yemek-yiyecek-sicaklik-isi-olcer-sapli-gida-termometresi-pm-HBC000033KX9S,,1761824315
12,https://www.hepsiburada.com/gunsan-kablo-bagi-t4-siyah-10cm-x-2-5mm-pm-HBC000058MYD7,,1761824410
13,https://www.hepsiburada.com/bosch-v-line-103-parca-vidalama-matkap-ucu-set-pm-HB00001611VQ,,1761824425
14,https://www.hepsiburada.com/izeltas-190-mm-elektrik-kontrol-kalemi-pm-HB0000185K8E,,1761824440
15,https://www.hepsiburada.com/ozgun-ticaret-kemer-delme-pensesi-kemer-delme-makinesi-pm-HBC00001SQ5T7,,1761824457
16,https://www.hepsiburada.com/newstore-home-derece-termometre-isi-nem-saat-alarm-mini-dijital-termometre-nem-olcer-oda-sicakligi-ic-mekan-pm-HBC00006CCH7B,,1761824546
17,https://www.hepsiburada.com/viko-karre-beyaz-2li-siva-alti-toprakli-priz-pm-HBC000009OVGQ,,1761824562
18,https://www.hepsiburada.com/grow-premium-kalite-mix-kugu-mutfak-evye-bataryasi-seti-sicak-soguk-girisli-pm-HB00000PGOH0,,1761824651
19,https://www.hepsiburada.com/einhell-18v-2-5ah-pxc-starter-kit-1-x-2-5-ah-aku-sarj-cihazi-pm-HBC0000061Y7K,,1761824808
20,https://www.hepsiburada.com/ydgr-20w-anahtarli-ergonomik-silikon-tabancasi-7-mm-seffaf-mum-cubuklari-ile-10-adet-hediye-paketi-pm-HBC00000DR3N3,,1761824824
21,https://www.hepsiburada.com/selsil-silikon-sprey-500-ml-24-pm-HBC000015G6Z2,,1761827987
22,https://www.hepsiburada.com/gunsan-elektrik-wi-fi-kontrollu-akilli-priz-16a-pm-HBC000064TLA1,,1761828002
23,https://www.hepsiburada.com/philips-awp1775ch-dus-filtresi-krom-1-adet-awp175-kartus-dahil-pm-HBC00006BVW2Z,,1761828018
24,https://www.hepsiburada.com/ihlas-aura-silver-su-aritma-cihazi-pm-HB00000XAJY0,,1761828079
25,https://www.hepsiburada.com/akfix-705-pm-HBC00007LBKSK,,1761828094
26,https://www.hepsiburada.com/derzmatik-hazir-derz-dolgu-gaga-uclu-beyaz-380-gr-pm-HB00000T0CWN,,1761828108
27,https://www.hepsiburada.com/shaza-24-lu-hassas-tornavida-seti-szt01-pm-HBC00001R9C79,,1761828226
28,https://www.hepsiburada.com/wd-40-smart-straw-akilli-pipetli-pas-sokucu-yaglayici-350-ml-p-HBV000003CXDQ,,1761828241
29,https://www.hepsiburada.com/bosch-easy-pump-akulu-hava-kompresoru-pm-HBC00000LTB85,,1761828366
30,https://www.hepsiburada.com/wd-40-cok-amacli-pas-sokucu-400-ml-p-HRWD40,,1761828381
31,https://www.hepsiburada.com/meg-cift-tarafli-akrilik-silikonize-bant-18-mm-x-2-metre-pm-HB00000BG4BA,,1761828526
32,https://www.hepsiburada.com/partiasya-10-adet-beyaz-petek-radyator-ayarli-boru-gizleme-ayagi-14-cm-20-cm-6-cm-ayar-pm-HBC00001NCXOT,,1761828760
33,https://www.hepsiburada.com/404-plastik-celik-hizli-yapistirici-16-gr-seffaf-isi-ve-kimyasallara-dayanikli-tum-yuzeyler-icin-epoksi-pm-HB000002SA7E,,1761828866
34,https://www.hepsiburada.com/40cm-petek-ust-kanallarina-uyumlu-35cm-isi-yonlendirici-aluminyumdur-uzayan-plastiklerden-degildir-p-HBCV000054OBP0,,1761829099
35,https://www.hepsiburada.com/soudal-genel-amacli-silikon-280-gr-seffaf-pm-HB0000048BGJ,,1761829198
36,https://www.hepsiburada.com/motek-ikili-dokunmatik-kirli-camasir-sepeti-gri-beyaz-pm-HB000005TOCI,,1761829386
37,https://www.hepsiburada.com/elbi-myra-3-lu-toprakli-grup-priz-2-mt-kablolu-pm-HBC00001QBFPO,,1761829402
38,https://www.hepsiburada.com/a-r-y-koli-banti-100-metre-091640-pm-HBC0000843JG1,,1761829417
39,https://www.hepsiburada.com/dukkan-kendinden-yapiskanli-aluminyum-kapi-esik-citasi-parke-esik-profili-p-HBV000013CCLQ,,1761829557
40,https://www.hepsiburada.com/doga-balonlu-esya-koruma-naylon-patpat-100cmx-50-m-pat-pat-ambalaj-pitpit-50m2-pm-HBC00002YSLQB,,1761829674
41,https://www.hepsiburada.com/saban-nem-alici-rutubet-ve-kuf-onleyici-yedek-tablet-vanilya-2x500-2-li-pm-HBC00004P4DER,,1761829765
42,https://www.hepsiburada.com/mager-darbeli-iki-akulu-sarjli-vidalama-matkap-cantali-24-parca-set-pm-HBC00006OIVHP,,1761829830
43,https://www.hepsiburada.com/25mm-maskeleme-bandi-kagit-bant-pm-HB000008NORZ,,1761829923
44,https://www.hepsiburada.com/cata-zaman-ayarli-mekanik-priz-cata-zaman-saati-ct-9180-pm-HBC000008G3D4,,1761830024
45,https://www.hepsiburada.com/gfb-dijital-kumpas-metal-ekran-150x0-01-mm-gfb1060-pm-HBC00000M4ZP4,,1761830120
46,https://www.hepsiburada.com/viko-karre-komutator-beyaz-90960702-pm-hrvik90960702,,1761830190
47,https://www.hepsiburada.com/bosch-gws-750-115-avuc-taslama-makinesi-pm-hrtok0601394000,,1761830347
48,https://www.hepsiburada.com/ic-bilisim-pratik-10-adet-hali-kilim-minder-nevresim-ortu-kaydirmaz-cirt-bant-seti-yapiskanli-hali-kaydirmaz-pm-HBC00006985BB,,1761830363
49,https://www.hepsiburada.com/starline-390w-serit-metre-3-metre-16-mm-p-HBV000019BTJK,,1761830454
50,https://www.hepsiburada.com/isonem-l-seffaf-guc-su-yalitim-boyasi-1-kg-elastik-yapi-ile-tum-yuzeyler-icin-uygun-pm-HBC000068SHBY,,1761830547
51,https://www.hepsiburada.com/moonshop-metal-falcata-maket-bicagi-10-adet-yedek-uc-pm-HB00001CE9P5,,1761830616
52,https://www.hepsiburada.com/lg-kapali-kasa-5-li-inline-filtre-sistemi-pm-HBC00008FIBEN,,1761830808
53,https://www.hepsiburada.com/philips-chp8010w-10-tekli-akim-korumali-priz-pd-hizli-sarj-qc-3-0-usb-a-destegi-pm-HBC00004XVTN7,,1761830826
54,https://www.hepsiburada.com/bosch-16-ozellikli-cok-amacli-pense-caki-pm-HBC00007RQEYA,,1761830919
55,https://www.hepsiburada.com/3m-kulak-tikaci-37-db-30-cift-pm-HBC0000189LPD,,1761830936
56,https://www.hepsiburada.com/bosch-alyan-anahtar-takimi-hex-9-parca-pm-HBC00005TWM1I,,1761831060
57,https://www.hepsiburada.com/viola-valente-beyaz-camli-koruyucu-gozluk-seffaf-pm-HB000008NOVT,,1761831138
58,https://www.hepsiburada.com/fiberglass-sineklik-tulu-sineklik-teli-100-x-100-cm-p-HBCV00000C77XT,,1761831317
59,https://www.hepsiburada.com/cet-san-kablo-bagi-cirt-kelepce-siyah-2-5-x-150-mm-100-lu-p-HBV00000VG20W,,1761831507
60,https://www.hepsiburada.com/cosa-akilli-oda-termostati-kablosuz-kombi-kontrolu-v5-pm-HBC00007EVF2L,,1761831641
61,https://www.hepsiburada.com/defacto-regular-fit-2-li-takim-sweatshirt-beli-lastikli-jogger-esofman-alti-d8022axns-p-HBCV00007DIJ1G,,1761833963
62,https://www.hepsiburada.com/tutku-erkek-beyaz-6-li-100-pamuk-penye-atlet-p-HBV00000WWKXC,,1761833994
63,https://www.hepsiburada.com/fit-15-murdum-kulotlu-corap-p-HBCV00006Z776C,,1761834149
64,https://www.hepsiburada.com/beyaz-toparlayici-balenli-dolgusuz-straplez-lotus-sutyen-p-HBV00000SDZDM,,1761834183
65,https://www.hepsiburada.com/mistirik-anoky-model-hafif-sikilastirici-ve-toparlayici-lazer-kesim-sort-korse-p-HBCV000070WFUS,,1761834342
66,https://www.hepsiburada.com/indigo-sleepy-cat-bisiklet-yaka-uzun-kollu-pijama-takimi-p-HBCV0000AAMSZZ,,1761834460
67,https://www.hepsiburada.com/defacto-erkek-7-li-uzun-corap-l5952azns-p-HBCV00004T8G6U,,1761834509
68,https://www.hepsiburada.com/penti-ten-rengi-toparlayici-balenli-dolgusuz-straplez-lotus-sutyen-p-HBCV0000AD52NM,,1761834664
69,https://www.hepsiburada.com/siyah-toparlayici-balenli-dolgusuz-straplez-lotus-sutyen-p-HBV00000SDZEO,,1761834739
70,https://www.hepsiburada.com/altinyildiz-classics-erkek-beyaz-100-pamuk-slim-fit-dar-kesim-bisiklet-yaka-tisort-p-HBCV00001COKL6,,1761834899
71,https://www.hepsiburada.com/ac-co-altinyildiz-classics-erkek-siyah-100-pamuk-slim-fit-dar-kesim-bisiklet-yaka-tisort-p-HBCV00001COKG8,,1761835048
72,https://www.hepsiburada.com/cigit-cizgili-mevsimlik-t-shirt-1-10-yas-yag-yesili-p-HBCV000064FUPS,,1761835200
73,https://www.hepsiburada.com/altinyildiz-classics-erkek-lacivert-anti-pilling-tuylenme-yapmayan-standart-fit-bato-yaka-soguk-gecirmez-polar-sweatshirt-p-HBV00000ZN5LD,,1761835294
74,https://www.hepsiburada.com/altinyildiz-classics-erkek-haki-anti-pilling-tuylenme-yapmayan-standart-fit-dik-yaka-soguk-gecirmez-polar-sweatshirt-p-HBV0000135ELP,,1761835452
75,https://www.hepsiburada.com/blink-power-protector-deri-tekstil-su-itici-sprey-bakim-urunu-250-ml-pm-HB00000EL5YZ,,1761835608
76,https://www.hepsiburada.com/dagi-kadin-5-li-yuksek-bel-slip-karisik-p-HBV00000BPJK0,,1761835723
77,https://www.hepsiburada.com/grimelange-solo-erkek-100-organik-pamuklu-kalin-dokulu-comfort-fit-bisiklet-yakali-siyah-t-shirt-p-HBCV00006TPCT5,,1761835780
78,https://www.hepsiburada.com/anoky-model-hafif-sikilastiran-ve-toparlayici-lazer-kesim-sort-korse-p-HBCV00009NODTJ,,1761835931
79,https://www.hepsiburada.com/cocuk-erkek-kiz-ay-yildizli-turk-bayrakli-uzun-kollu-kirmizi-beyaz-t-shirt-p-HBCV0000AIEHEF,,1761836057
80,https://www.hepsiburada.com/defacto-erkek-cocuk-29-ekim-cumhuriyet-bayrami-kirmizi-bisiklet-yaka-ataturk-baskili-sweatshirt-d8202a824wn-p-HBCV000075OH5G,,1761836106
81,https://www.hepsiburada.com/altinyildiz-classics-erkek-siyah-standart-fit-normal-kesim-2-iplik-recycle-pamuklu-bisiklet-yaka-sweatshirt-p-HBCV000061Q4XT,,1761836159
82,https://www.hepsiburada.com/oversize-waffle-mevsimlik-t-shirt-2-14-yas-kiremit-p-HBCV00009P008T,,1761836324
83,https://www.hepsiburada.com/mmetalic-siyah-erkek-duz-paca-rahat-kesim-esofman-alti-p-HBCV00000F1NYC,,1761836374
84,https://www.hepsiburada.com/tutku-8-adet-erkek-penye-havlu-bel-boxer-karisik-renk-p-HBV000013YO71,,1761836539
85,https://www.hepsiburada.com/kiz-cocuk-gokkusagi-unicorn-desenli-4-lu-pamuklu-soket-corap-p-HBCV00009U1BYM,,1761836702
86,https://www.hepsiburada.com/penti-acik-pembe-lola-bunny-gomlek-yaka-pamuklu-uzun-kollu-pijama-takimi-p-HBCV00009U1C2Q,,1761836777
87,https://www.hepsiburada.com/defacto-erkek-basic-duz-triko-bere-r6055az24wn-p-HBCV00006TS7UX,,1761836840
88,https://www.hepsiburada.com/defacto-erkek-cocuk-beli-bagcikli-lastikli-paca-cepli-jogger-esofman-alti-b8915a823cw-p-HBCV00005ILE16,,1761836952
89,https://www.hepsiburada.com/bliss-umbrella-12-telli-otomatik-semsiye-p-HBCV000060F9J4,,1761837003
90,https://www.hepsiburada.com/defacto-kiz-cocuk-kalp-desenli-muz-kulotlu-okul-corabi-x4350a6ns-p-HBCV00001PRCIK,,1761837074
91,https://www.hepsiburada.com/32122-kayik-yaka-modal-kasmir-ultra-hafif-bluz-vizon-p-HBCV0000AH9SER,,1761837215
92,https://www.hepsiburada.com/penti-pembe-leopar-desenli-uzun-kollu-dugmeli-gomlek-yaka-pamuklu-pijama-takimi-p-HBCV0000AES4EH,,1761837259
93,https://www.hepsiburada.com/adidas-originals-b75807-samba-og-shoes-p-HBV00000ERDHE,,1761837320
94,https://www.hepsiburada.com/defacto-gri-tuylenme-yapmayan-soguk-gecirmez-regular-fit-dik-yaka-fermuarli-polar-sweatshirt-y3996azns-p-HBCV0000723687,,1761837406
95,https://www.hepsiburada.com/hitit-socks-kadin-5-cift-premium-kalite-kalpli-tenis-corap-cok-renkli-pm-HBC00009IG5ZU,,1761837488
96,https://www.hepsiburada.com/tudors-erkek-deri-kemer-p-HBCV00000R0PJP,,1761837528
97,https://www.hepsiburada.com/macerati-otomatik-full-fonksiyon-fiber-tel-semsiye-pm-HBC000050SWE7,,1761837561
98,https://www.hepsiburada.com/erkek-pamuklu-uzun-kollu-uzay-temali-astronot-baskili-fume-cizgili-pijama-takimi-p-HBCV00007IJ1P4,,1761837605
99,https://www.hepsiburada.com/pembe-toparlayici-balenli-dolgusuz-straplez-lotus-sutyen-p-HBV00000SDZDX,,1761837669
100,https://www.hepsiburada.com/defacto-erkek-cocuk-29-ekim-cumhuriyet-bayrami-beyaz-bisiklet-yaka-ataturk-baskili-nakisli-sweatshirt-d8200a824wn-p-HBCV000075NT5E,,1761837765
101,https://www.hepsiburada.com/penti-siyah-toparlayici-balenli-dolgusuz-straplez-lotus-sutyen-p-HBCV0000AC0LRW,,1761837848
102,https://www.hepsiburada.com/bliss-umbrella-kapsul-semsiye-p-HBCV000060P0WH,,1761837923
103,https://www.hepsiburada.com/boss-tape-ayakkabi-topuk-yamasi-kendinden-yapiskanli-ayakkabi-tamir-bandi-siyah-pm-HBC00006I4P6C,,1761837983
104,https://www.hepsiburada.com/penti-koyu-yesil-cizgili-gomlek-yaka-pamuklu-uzun-kollu-pijama-takimi-p-HBCV00009U1FPK,,1761838036
105,https://www.hepsiburada.com/defacto-kiz-cocuk-2-li-40-denye-kulotlu-okul-corabi-c5310a8ns-pm-HBC00005VY8KK,,1761838057
106,https://www.hepsiburada.com/bej-cute-dog-ev-cedigi-p-HBCV00009IHMXV,,1761838197
107,https://www.hepsiburada.com/lee-cooper-erkek-jean-pantolon-p-HBCV0000786HJU,,1761838245
108,https://www.hepsiburada.com/defacto-yuksek-bel-bilek-boy-jean-pantolon-c8545ax24wn-p-HBCV000075GX22,,1761838290
109,https://www.hepsiburada.com/tutku-0124-erkek-cocuk-penye-atlet-6-adet-p-HBV000018G9LJ,,1761838348
110,https://www.hepsiburada.com/tudors-erkek-4-cm-spor-siyah-kemer-p-HBCV00000R0PMG,,1761838443
111,https://www.hepsiburada.com/cigit-cizgili-mevsimlik-t-shirt-1-10-yas-lacivert-p-HBCV000077WOY2,,1761838471
112,https://www.hepsiburada.com/defacto-erkek-cocuk-29-ekim-cumhuriyet-bayrami-bisiklet-yaka-ataturk-baskili-sweatshirt-d8201a824wn-p-HBCV000076NFAM,,1761838559
113,https://www.hepsiburada.com/kirmizi-erkek-cocuk-car-araba-nakisli-aksesuarli-kaymaz-tabanli-ev-cetigi-p-HBCV00009VYE3N,,1761838620
114,https://www.hepsiburada.com/line-kadin-likrali-cirt-kapama-siyah-palazzo-pantolon-p-HBCV00004VIW78,,1761838668
115,https://www.hepsiburada.com/koza-ic-giyim-erkek-pamuklu-uzun-kollu-uzay-temali-astronot-baskili-fume-cizgili-pijama-takimi-p-HBCV00007IJ2EN,,1761838813
116,https://www.hepsiburada.com/siyah-beli-lastikli-bol-paca-dokuma-pantolon-4284-1-p-HBCV00009C4MHP,,1761838878
117,https://www.hepsiburada.com/mini-kiti-elyafsiz-kislik-uzun-kol-cift-kat-100-pamuk-pazen-dinozorlu-cocuk-bebek-uyku-tulumu-p-HBCV00002VKWUB,,1761838940
118,https://www.hepsiburada.com/defacto-erkek-cocuk-brawl-stars-bisiklet-yaka-sweatshirt-b2213a823wn-p-HBCV00005BG201,,1761838989
119,https://www.hepsiburada.com/koyu-bej-hello-friday-bisiklet-yaka-uzun-kollu-pijama-takimi-p-HBCV00009VYEC7,,1761839064
120,https://www.hepsiburada.com/shoemio-bogart-erkek-ev-terligi-p-HBCV00002QGK1A,,1761839111
121,https://www.hepsiburada.com/yildiz-sport-kapi-barfiksi-mekik-cekme-sinav-barfiks-aleti-bari-krom-egzersiz-cubugu-pm-HB00000WI3Q4,,1761847152
122,https://www.hepsiburada.com/hubstein-yeni-nesil-92-120cm-koridor-kapi-barfiksi-barfix-aleti-cubugu-cekme-bari-demiri-bar-pm-HBC00006UBLCP,,1761847245
123,https://www.hepsiburada.com/defacto-erkek-7-li-uzun-corap-l5952azns-p-HBCV00004T8GI0,,1761847354
124,https://www.hepsiburada.com/puma-skye-clean-beyaz-kadin-sneaker-p-HBV000019KHJC,,1761847610
125,https://www.hepsiburada.com/mehat-pomodoro-ogrenci-saati-kronometreli-ders-calisma-saati-alarmli-dijital-masa-saati-pm-HBC000061RDY7,,1761847837
126,https://www.hepsiburada.com/voit-vfit-by-runmate-compact-kosu-bandi-manuel-egim-ayarli-katlanabilir-uzaktan-kumandali-10km-hiz-pm-HBC00008N4OZS,,1761847939
127,https://www.hepsiburada.com/aydin-sport-20-kg-z-bar-halter-seti-ve-dambil-seti-p-HBV00001AH7KI,,1761848014
128,https://www.hepsiburada.com/ogrenci-ders-calisma-saati-kronometreli-arac-saati-mutfak-bozdolabi-magnet-saat-zamanlayici-beyaz-pm-HBC0000AD1OEV,,1761848262
129,https://www.hepsiburada.com/cosfer-guclu-2-hp-yuruyus-ve-kosu-bandi-katlanabilen-130-kilo-tasima-kapasiteli-1-12-km-hiz-kumandali-pm-HBC000076CZVW,,1761848433
130,https://www.hepsiburada.com/liggo-reflex-yetiskin-ve-cocuk-kaleci-eldiveni-bilek-bandajli-5-6-7-8-9-10-numara-p-HBCV00001FSSFS,,1761848458
131,https://www.hepsiburada.com/delta-3-lu-pilates-bandi-plates-egzersiz-direnc-lastigi-seti-uc-kismi-acik-pm-spordelta1317,,1761848702
132,https://www.hepsiburada.com/hummel-hml-acne-spor-ayakkabi-beyaz-siyah-900238-9124-43-beyaz-siyah-p-HBCV00006DHYX6,,1761848841
133,https://www.hepsiburada.com/hubstein-egzersiz-cemberi-egzersiz-halkasi-agirlikli-bel-bolgesi-ayarlanabilir-pm-HBC00006RA6XH,,1761848879
134,https://www.hepsiburada.com/nike-dri-fit-cushioned-crew-orta-boy-erkek-corap-siyah-beyaz-sx4446-pm-HBC00005N3HBK,,1761848919
135,https://www.hepsiburada.com/husbtein-kapi-barfiksi-60-100-cm-barfiks-demiri-kapi-bari-pm-HB000014ZTTG,,1761848959
136,https://www.hepsiburada.com/kaykayli-cocuk-isikli-ayakkabi-isikli-patenli-kaykay-ayakkabi-kaykay-ayakkabi-p-HBCV00009MYJZC,,1761848994
137,https://www.hepsiburada.com/decathlon-nabaiji-yuzucu-gozlugu-standart-boy-gri-100-ready-pm-HBC000049JJCG,,1761849060
138,https://www.hepsiburada.com/adidas-sportswear-eg2654-strutter-shoes-p-HBV00000R4U1E,,1761849094
139,https://www.hepsiburada.com/delta-multi-fonksiyonel-top-pompasi-pm-spordelta61,,1761849138
140,https://www.hepsiburada.com/kenko-ogrenci-saati-kronometreli-ders-calisma-saati-dijital-masa-saati-kronometre-pm-HBC000032VYLF,,1761849167
141,https://www.hepsiburada.com/newstore-home-ayarli-el-yayi-5-60-kg-ayarlanabilir-bilek-kas-guclendirme-pm-HBC00002PBXOE,,1761849200
142,https://www.hepsiburada.com/oxelo-cocuk-pateni-mavi-learn-100-p-HBCV000061XAOE,,1761849235
143,https://www.hepsiburada.com/nike-sportswear-elemental-sirt-cantasi-pm-HB00000ND8OE,,1761849277
144,https://www.hepsiburada.com/delta-25-cm-dura-strong-mini-pilates-topu-denge-egzersiz-topu-p-HBV00000VR1JK,,1761849321
145,https://www.hepsiburada.com/puma-teamgoal-backpack-core-sirt-cantasi-9023801-siyah-pm-HBC00006922NJ,,1761849367
146,https://www.hepsiburada.com/shenzhen-xin-xin-2-adet-isitici-destek-dizlik-gri-yurt-disindan-p-HBCV000026SV5N,,1761849395
147,https://www.hepsiburada.com/adidas-originals-if6490-handball-spezial-shoes-p-HBCV00006VBTT6,,1761849430
148,https://www.hepsiburada.com/ultio-spor-sayacli-el-yayi-60-kg-5-kg-ayarlanabilir-1-adet-el-yayi-bilek-kas-guclendiric-pm-HBC00003QOB0C,,1761849458
149,https://www.hepsiburada.com/besinistanbul-3-kg-dambil-x2-adet-6-kg-pm-HBC00005PXE6P,,1761849486
150,https://www.hepsiburada.com/besinistanbul-5-kg-dambil-x2-adet-10-kg-pm-HB00001152IB,,1761849515
151,https://www.hepsiburada.com/skechers-dynamight-2-0-149657-kadin-spor-ayakkabi-siyah-p-HBCV00004P8SJC,,1761849540
152,https://www.hepsiburada.com/voit-v-fit-by-voit-hb101-spin-bike-tasinabilir-direnci-ayarlanabilir-sessiz-calisir-pm-HBC00007OHQ7O,,1761849580
153,https://www.hepsiburada.com/dynamic-walkfitpad-t500-enerji-tasarruflu-yaglama-gerektirmeyen-kosu-bandi-tutma-kolsuz-p-HBCV00003V2IS4,,1761849610
154,https://www.hepsiburada.com/busso-koseli-plastik-dambil-set-kutuda-cift-p-SPORBSCMT-1,,1761849645
155,https://www.hepsiburada.com/puma-anzarun-lite-371128-02-siyah-beyaz-erkek-spor-ayakkabi-p-HBV00000YQ22W,,1761849679
156,https://www.hepsiburada.com/delta-latex-3-lu-aerobik-pilates-direnc-egzersiz-bandi-squat-calisma-lastigi-uc-kismi-kapali-pm-HB00000RQJNR,,1761849715
157,https://www.hepsiburada.com/soytemiz-unisex-ayicik-desenli-corap-5-cift-pm-HBC00006NN5QM,,1761849788
158,https://www.hepsiburada.com/relax-uzaktan-kumandali-portatif-yurume-ve-kosu-bandi-pm-HBC00000YOR0O,,1761849815
159,https://www.hepsiburada.com/decathlon-domyos-atlama-ipi-jr100-pm-HBC00004A6CFN,,1761849982
160,https://www.hepsiburada.com/delta-deluxe-unisex-voleybol-dizligi-ciftli-p-SPORDELTADS7760-LS,,1761850126
161,https://www.hepsiburada.com/10-lu-erkek-cemberli-renkli-patik-ekonomik-paket-kisa-spor-sneakers-corap-pm-HBC00008RSVII,,1761850335
162,https://www.hepsiburada.com/ayarli-sayacli-el-yayi-5-60-kg-ayarlanabilir-bilek-kas-guclendirme-aleti-kaydirmaz-damar-cikartici-pm-HBC00009U6Z8Y,,1761850412
163,https://www.hepsiburada.com/duraktech-ogrenci-saati-kronometreli-ders-calisma-saati-arac-saati-pm-HBC000048WR5K,,1761850463
164,https://www.hepsiburada.com/jerf-gela-yuksek-bel-esnek-ve-toparlayici-spor-tayt-aci-kahve-p-HBCV00006AZP7V,,1761850703
165,https://www.hepsiburada.com/zeyrek-s-zeyrek-1kg-x-2-adet-toplam-2-kg-el-ayak-bilek-kas-guclendirici-agirlik-seti-p-HBCV00007A7XJY,,1761850768
166,https://www.hepsiburada.com/adidas-sportswear-id3711-vl-court-base-shoes-p-HBCV00006J4RLO,,1761850828
167,https://www.hepsiburada.com/telvesse-futbol-topu-sampiyonlar-ligi-pompali-sert-zemin-hali-saha-futbol-topu-no-5-siyah-034-p-HBCV00004CA0QL,,1761850974
168,https://www.hepsiburada.com/adidas-sportswear-hp9426-breaknet-2-0-shoes-p-HBCV00004CK0TU,,1761851123
169,https://www.hepsiburada.com/adidas-vl-court-base-beyaz-kadin-sneaker-p-HBCV00005QG8QW,,1761851307
170,https://www.hepsiburada.com/mundo-venta-cocuk-yetiskin-kaleci-eldiveni-futbol-koruyucu-kaleci-eldivenleri-yurt-disindan-p-HBCV00007N2T8H,,1761851478
171,https://www.hepsiburada.com/adidas-sportswear-jq9985-hoops-4-0-shoes-p-HBCV00007OIYKE,,1761851565
172,https://www.hepsiburada.com/3-lu-bambu-pilates-corabi-yoga-abs-kaydirmaz-taban-dans-bale-fitness-spor-corabi-p-HBCV000083QTTY,,1761851629
173,https://www.hepsiburada.com/adidas-samba-og-w-kadin-spor-ayakkabi-ig9030-p-HBCV00006XF2E7,,1761851692
174,https://www.hepsiburada.com/kelanduo-elamco-cocuk-yetiskin-kaleci-eldiveni-kaleci-eldiveni-futbol-koruyucu-kaleci-eldivenleri-yurt-disindan-p-HBCV00004Q2YBG,,1761851771
175,https://www.hepsiburada.com/yasomi-ysm-x-speed-spinning-bike-150-kg-kapasiteli-fitness-ve-kondisyon-egzersiz-bisikleti-pm-HBC000054Y5ZT,,1761851866
176,https://www.hepsiburada.com/universal-uzun-sungerli-kapi-koridor-bari-barfiks-60-100cm-arasi-ayarlanabilir-pm-HB00000F4VVL,,1761851965
177,https://www.hepsiburada.com/kochler-selulit-karsiti-masaj-aleti-ve-masaj-cihazi-tone-yuksek-titresimli-masaj-aleti-pm-HBC00004KDE1Y,,1761852077
178,https://www.hepsiburada.com/adidas-urban-court-beyaz-erkek-spor-ayakkabi-if4076-p-HBCV00005QG83N,,1761852216
179,https://www.hepsiburada.com/the-purest-solutions-olusumunu-ye-bakim-serumu-niacinamide-5-zinc-pca1-tps100-pm-HB0000119L52,,1761852652
180,https://www.hepsiburada.com/maybelline-new-york-super-lock-brow-glue-kas-sabitleyici-maskara-seffaf-pm-HBC000068O5VC,,1761852976
181,https://www.hepsiburada.com/magic-eye-duo-repair-cc-cift-etkili-onarici-ile-kapatici-goz-alti-kremi-light-to-medium-15ml-pm-HBC00009ZP27U,,1761853171
182,https://www.hepsiburada.com/telescopic-siyah-uzun-gorunum-veren-maskara-pm-HB0000043M2J,,1761853251
183,https://www.hepsiburada.com/skin-sensual-bb-krem-light-50-spf-uva-uvb-pa-pm-HBC0000604A9M,,1761853620
184,https://www.hepsiburada.com/the-purest-solutions-tonik-200-ml-glycolic-acid-5-aha-bha-tps104-pm-HB0000119LGK,,1761853694
185,https://www.hepsiburada.com/alix-avien-kucuk-boy-cantali-seyahat-makyaj-firca-seti-10-cesit-firca-aplikator-ve-makyaj-sungeri-pm-HBC00008RQ9SK,,1761853728
186,https://www.hepsiburada.com/magic-milk-3-in-1-base-moisturizer-mask-50ml-pm-HBC00009ZRWWC,,1761853795
187,https://www.hepsiburada.com/panorama-hacim-veren-maskara-siyah-pm-HBC00005JJG5C,,1761853849
188,https://www.hepsiburada.com/skin-sensual-vita-c-ve-cilt-tonu-esitleyici-cilt-bakim-serumu-30-ml-pm-HBC00002T4OAR,,1761853940
189,https://www.hepsiburada.com/lash-sensational-yelpaze-etkili-intense-black-maskara-ekstra-siyah-pm-HB000005DG7D,,1761853974
190,https://www.hepsiburada.com/glotion-all-in-one-dogal-isilti-901-fair-glow-40-ml-highlighter-likit-aydinlatici-pm-HBC000068HFGT,,1761854023
191,https://www.hepsiburada.com/the-purest-solutions-canlandirici-cilt-tonu-esitleyici-yuz-peeling-serum-30-ml-aha-10-bha-2-tps101-pm-HB0000119LBF,,1761854058
192,https://www.hepsiburada.com/wiwify-su-bazli-yogun-nemlendirici-krem-100-ml-hydration-booster-daily-moisturizing-cream-24-saat-etkili-pm-HBC00003P39MQ,,1761854094
193,https://www.hepsiburada.com/bargello-505-erkek-50-ml-parfum-edp-oriantal-pm-HBC00004ADQM5,,1761854139
194,https://www.hepsiburada.com/the-purest-solutions-24-saat-etkili-gunluk-yogun-nemlendirici-bakim-kremi-tps202-pm-HBC000014QVAP,,1761854187
195,https://www.hepsiburada.com/cream-co-moisturizer-su-bazli-nemlendirici-yuz-kremi-tum-cilt-tipleri-pm-HBC00002LC7MZ,,1761854247
196,https://www.hepsiburada.com/skin-sensual-daily-hydrating-moisturizer-cream-24-saat-etkili-nemlendirici-pm-HBC00002T4OAZ,,1761854282
197,https://www.hepsiburada.com/koku-karsiti-koltuk-alti-tonigi-75-ml-leke-ve-renk-esitsizligi-karsiti-niacinamide-glycolic-acid-pm-HBC00009R2FDG,,1761854313
198,https://www.hepsiburada.com/bargello-kadin-kadin-parfum-122-oriental-50-ml-edp-pm-HB00000ONJ6Z,,1761854352
199,https://www.hepsiburada.com/l-or-al-paris-lumi-blush-likit-allik-glowy-true-rose-pm-HBC00007HA3P1,,1761854406
200,https://www.hepsiburada.com/maybelline-new-york-lasting-drama-kahverengi-jel-goz-kalemi-otomatik-yumusak-uclu-36-saat-kalici-ve-suya-dayanikli-pm-HBC00005XISJ2,,1761854449
201,https://www.hepsiburada.com/siveno-100-dogal-dudak-koruyucu-cilek-bitkisel-lip-balm-dudak-kremi-nemlendirici-parlatici-onarici-6-g-pm-HBC000062XGMZ,,1761854478
202,https://www.hepsiburada.com/siveno-dogal-nioli-suyu-kotu-koku-onleyici-arindirici-ferahlatici-hassas-bolge-tonigi-150-ml-pm-HBC00009AHX09,,1761854510
203,https://www.hepsiburada.com/skin-sensual-retinall-retinoid-iceren-kusursuz-bakim-serumu-30-ml-pm-HBC00002T4OAT,,1761854563
204,https://www.hepsiburada.com/lift-me-up-volume-mascara-8-ml-pm-HBC00005XDT88,,1761854622
205,https://www.hepsiburada.com/imprime-muse-edp-50-ml-kadin-parfumu-pm-HBC00002R1X3U,,1761854756
206,https://www.hepsiburada.com/skin-sensual-bb-krem-extra-light-50-spf-uva-uvb-pa-aydinlik-ve-canlilik-pm-HBC000097RMF8,,1761854913
207,https://www.hepsiburada.com/glotion-all-in-one-dogal-isilti-902-fair-glow-40-ml-highlighter-likit-aydinlatici-pm-HBC000068HGHW,,1761854974
208,https://www.hepsiburada.com/maybelline-new-york-lash-sensational-sky-high-burgundy-haze-maskara-murdum-pm-HBC00006SHS2E,,1761855115
209,https://www.hepsiburada.com/nyx-professional-makeup-ultimate-shadow-palette-warm-neutrals-goz-fari-paleti-pm-HBC00005OL0E6,,1761855331
210,https://www.hepsiburada.com/l-or-al-paris-infaillible-24h-brow-lamination-seffaf-kas-sabitleyici-pm-HBC000068O6RH,,1761855514
211,https://www.hepsiburada.com/flormar-kalici-jel-dokulu-suya-dayanikli-goz-kalemi-koyu-mor-extreme-tattoo-gel-pencil-005-very-berry-8682536028875-pm-HBC00000K7FEF,,1761855656
212,https://www.hepsiburada.com/alix-avien-fondoten-fircasi-foundation-brush-pm-HBC00004DGIAZ,,1761855811
213,https://www.hepsiburada.com/clasy-care-face-up-skin-sivilce-ve-akne-karsiti-krem-40-ml-tum-cilt-tipleri-icin-zinc-pca-1-centella-niacinamide-ve-salisilik-asit-icerikli-pm-HBC00005KP6JX,,1761855894
214,https://www.hepsiburada.com/infaillible-tum-yuze-uygulanabilir-kapatici-322-ivory-concealer-p-HBV00000JA9GC,,1761856026
215,https://www.hepsiburada.com/the-purest-solutions-vita-a-serum-onarici-besleyici-retinol-serum-1-retinol-ceramide-tps201-pm-HBC00000X9X3X,,1761856324
216,https://www.hepsiburada.com/skin-sensual-hydra-skin-nem-serumu-yogun-nemlendirme-30-ml-pm-HBC00002T4OAP,,1761856639
217,https://www.hepsiburada.com/ino-cosmetic-catch-bloom-pocket-lip-cheek-stick-scarlet-spf30-4-5g-pm-HBC00007AE2XT,,1761856730
218,https://www.hepsiburada.com/pop-beauty-kas-sabitleyici-ve-sekillendirici-kas-fircasi-taragi-ve-sabitleyici-jel-laminasyon-etkili-pm-HBC00004LHRFQ,,1761856794
219,https://www.hepsiburada.com/farmasi-dr-cevdet-tuna-at-kestanesi-balsami-500-ml-unisex-nemlendirici-serinletici-ve-rahatlatici-etki-pm-HB00000TKVGZ,,1761856914
220,https://www.hepsiburada.com/skin-sensual-buttoks-strawberry-cheeks-vucut-maskesi-cilek-ve-tavuk-derisi-gorunumune-elveda-2-parca-pm-HBC0000AKKQI0,,1761857141
221,https://www.hepsiburada.com/alix-avien-gazsiz-makyaj-sabitleyici-sprey-75-ml-nemlendirici-formul-spf-icermez-her-cilt-tipine-uygun-pm-HBC00007LTUM0,,1761857233
222,https://www.hepsiburada.com/bargello-100-kadin-50-ml-parfum-edp-floral-pm-HBC00004ADQRY,,1761857260
223,https://www.hepsiburada.com/bade-natural-nioli-ucucu-yagi-10-ml-pm-HBC000046NLDV,,1761857295
224,https://www.hepsiburada.com/the-purest-solutions-goz-alti-serumu-30-ml-aydinlatici-kafein-etkisiyle-torbalanma-ve-morluk-giderici-pm-HB0000119LGO,,1761857325
225,https://www.hepsiburada.com/effaclar-refill-yagli-ciltler-icin-temizleme-jeli-400ml-pm-HBC00005CCAE2,,1761857357
226,https://www.hepsiburada.com/bade-natural-hint-yagi-30-ml-100-saf-soguk-sikim-kirisiklik-karsiti-besleyici-ve-nemlendirici-unisex-cilt-bakim-yagi-pm-HBC00004FCHM8,,1761857389
227,https://www.hepsiburada.com/skin-sensual-white-white-glow-leke-serumu-arbutin-2-hyaluronic-acid-cilt-tonu-esitlemeye-yardimci-serum-pm-HBC000060AO7Y,,1761857419
228,https://www.hepsiburada.com/skin-sensual-adi-s-pores-face-refining-toner-glycolic-acid-5-salicylic-acid-0-5-gozeneklere-elveda-tonik-pm-HBC00003A2KZN,,1761857449
229,https://www.hepsiburada.com/garnier-micellar-kusursuz-makyaj-temizleme-suyu-100ml-pm-HBC000054TDSQ,,1761857477
230,https://www.hepsiburada.com/bargello-228-kadin-50-ml-parfum-edp-oriental-pm-HBC00001C9XU0,,1761857505
231,https://www.hepsiburada.com/cosmed-atopia-cleansing-oil-yuz-ve-vucut-icin-temizleme-yagi-yag-bazli-temizleyici-200-ml-pm-HBC00002LZSON,,1761857537
232,https://www.hepsiburada.com/sudocrem-bebek-bakim-kremi-125-gr-sudocrem-bebek-bakim-kremi-60-gr-pm-HBC000020WKF1,,1761857572
233,https://www.hepsiburada.com/3-in-1-glowing-skin-tinted-moisturizer-spf-50-isiltili-aydinlatici-krem-pm-HBC00006G2A6O,,1761857651
234,https://www.hepsiburada.com/celimax-the-a-retinal-shot-tightening-booster-15ml-krem-pm-HBC000071WPAB,,1761857684
235,https://www.hepsiburada.com/maybelline-new-york-super-stay-vinyl-ink-uzun-sure-kalici-seftali-tonlu-likit-parlak-ruj-15-peachy-p-HBCV00002BLBVG,,1761857715
236,https://www.hepsiburada.com/imprime-antique-edp-100-ml-erkek-parfumu-pm-HBC00002R1X3O,,1761857751
237,https://www.hepsiburada.com/3-in-1-healthy-skin-light-tinted-moisturizer-spf-50-renk-ton-esitleyici-aydinlatici-krem-00-acik-ton-pm-HBC00006FIDCW,,1761857785
238,https://www.hepsiburada.com/jeonju-pirinc-mayasi-sprey-toner-tum-cilt-tipleri-icin-yogun-nemlendirici-niasinamid-iceren-200-ml-pm-HBC000066ZRKH,,1761857812
239,https://www.hepsiburada.com/siveno-100-dogal-bebek-camasir-sabunu-kendinden-yumusaticili-bitkisel-deterjan-vegan-1000-ml-x2-adet-pm-HBC000071GFAV,,1761858163
240,https://www.hepsiburada.com/wefood-organik-hindistan-cevizi-yagi-150-ml-soguk-sikim-8681749104451-pm-HB00000D5XE9,,1761858199
241,https://www.hepsiburada.com/familia-plus-natural-16-li-kagit-havlu-pm-HBC0000494FT3,,1761858233
242,https://www.hepsiburada.com/familia-plus-32-rulo-3-katli-beyaz-tuvalet-kagidi-100-saf-seluloz-hipoalerjenik-ve-pamuk-ozlu-ozellikleriyle-pm-zyhayat55021338,,1761858259
243,https://www.hepsiburada.com/molfix-bebek-bezi-3d-5-beden-junior-11-18-kg-78li-ultra-firsat-paketi-p-HBCV00002LE5WV,,1761858287
244,https://www.hepsiburada.com/familia-tuvalet-kagidi-natural-40-li-pm-HBC000049CIYK,,1761858322
245,https://www.hepsiburada.com/familia-12-rulo-3-katli-kagit-havlu-1-saniyede-hizla-emici-islakken-dayanikli-100-saf-seluloz-pm-zyhayat5003332,,1761858349
246,https://www.hepsiburada.com/domestos-yogun-kivamli-camasir-suyu-dag-esintisi-750-ml-pm-zyunil70003462,,1761858646
247,https://www.hepsiburada.com/sleepy-sensitive-islak-havlu-90-li-12-adet-1080-yaprak-pm-HB00000AI8E6,,1761858968
248,https://www.hepsiburada.com/molfix-bebek-bezi-beden-6-15-kg-extra-large-80-adet-mega-pk-pm-HBC00009S8BHN,,1761859198
249,https://www.hepsiburada.com/maylo-puf-mendil-150-li-pm-HB00000BLK28,,1761859268
250,https://www.hepsiburada.com/sutlu-cikolata-sosu-waffle-krep-pankek-sosu-300-gr-pm-HBC00009N9B4C,,1761859293
251,https://www.hepsiburada.com/mayi-tuz-iyotlu-ince-kaynak-tuzu-2000-gr-pm-HBC000014U7ZZ,,1761859317
252,https://www.hepsiburada.com/kahve-dunyasi-lavi-sutlu-antep-fistikli-cikolata-300-g-pm-HB00000A4ZZL,,1761859506
253,https://www.hepsiburada.com/sleepy-islak-mendil-sensitive-90-x-24-lu-pm-HB00000572JN,,1761859729
254,https://www.hepsiburada.com/zuhre-ana-bromelain-ananas-iceren-detox-surubu-pm-HBC00005U2TVT,,1761859755
255,https://www.hepsiburada.com/pril-elde-yikama-bulasik-deterjani-limon-kokulu-4-kg-soguk-suda-etkili-pm-zyhen829557,,1761880481
256,https://www.hepsiburada.com/waspco-bitter-cikolata-kapli-protein-bar-karma-kutu-36gr-x-12-adet-3-cesit-pm-HBC000087LX5Y,,1761880483
257,https://www.hepsiburada.com/sleepy-natural-gross-paket-kulot-bez-5-numara-junior-100-adet-p-HBV00000PQBFY,,1761880484
258,https://www.hepsiburada.com/cif-zemin-temizleyici-sakura-1500-ml-pm-HBC00008P4ORJ,,1761880486
259,https://www.hepsiburada.com/bingo-onaran-koruma-sivi-bakim-camasir-deterjani-4-lt-2-li-pm-HB00000MJF7E,,1761889374
260,https://www.hepsiburada.com/sleepy-sensitive-kapakli-islak-havlu-90-li-pm-HB00000TK0Y0,,1761889511
261,https://www.hepsiburada.com/b-vitaminli-karadut-frenk-uzumu-aromali-dogal-maden-suyu-6x1-l-pm-HBC00007CQSRD,,1761889821
262,https://www.hepsiburada.com/familia-natural-tuvalet-kagidi-48-adet-pm-HBC00009W23DA,,1761890028
263,https://www.hepsiburada.com/beyaz-cikolata-waffle-krep-pankek-sos-300gr-pm-HBC00009NHK6W,,1761890093
264,https://www.hepsiburada.com/maylo-3-katli-12-li-kagit-havlu-tegv-pm-HBC00009VYIX3,,1761890117
265,https://www.hepsiburada.com/air-wick-elektrikli-oda-kokusu-yedek-sise-bahar-cicekleri-pm-HBC00002Z4HKM,,1761890183
266,https://www.hepsiburada.com/molfix-bebek-bezi-3d-4-beden-maxi-7-14-kg-100lu-ultra-firsat-paketi-p-HBV00000Q2C86,,1761890287
267,https://www.hepsiburada.com/yumos-extra-konsantre-camasir-yumusatici-lilyum-1440-ml-60-yikama-pm-zyunil21127409,,1761890392
268,https://www.hepsiburada.com/stop-forte-ultra-guclu-cok-amacli-leke-cikarici-zorlu-lekelere-karsi-etkili-turkiye-de-uretilmistir-pm-HBC00005TZJNX,,1761890499
269,https://www.hepsiburada.com/finish-temizlik-ve-bakim-seti-parlatici-400-ml-makine-temizleyici-sivi-250-ml-tuz-500-gr-pm-zybenc8155364,,1761890604
270,https://www.hepsiburada.com/kavlak-ozel-secme-gemlik-siyah-zeytin-500-gr-pm-HBC00002W4CA2,,1761890708
271,https://www.hepsiburada.com/teno-ultra-kagit-havlu-12-rulo-cift-katli-yuksek-emicilik-mutfak-ve-genel-temizlik-icin-pm-HBC00000ELZBM,,1761890766
272,https://www.hepsiburada.com/cif-ultra-aninda-etki-kir-yag-sokucu-sakura-pm-HBC000091FFIW,,1761890869
273,https://www.hepsiburada.com/wefood-sut-karamelli-fistik-ezmesi-300-gr-pm-HBC00009UW940,,1761890919
274,https://www.hepsiburada.com/altinmarka-sutlu-ve-beyaz-damla-cikolata-pm-HBC00005K5IVS,,1761890954
275,https://www.hepsiburada.com/peros-3-l-sivi-cam-det-bakim-renkliler-pm-HBC000054N7QG,,1761890976
276,https://www.hepsiburada.com/siveno-100-dogal-bulasik-sabunu-bitkisel-elde-bulasik-sabunu-nemlendirici-vegan-500-ml-pm-HB00000GQB21,,1761891065
277,https://www.hepsiburada.com/molfix-bebek-bezi-beden-4-7-14kg-maxi-128-adet-mega-pk-pm-HBC00009FWG4C,,1761891168
278,https://www.hepsiburada.com/peros-3-l-sivi-cam-det-bakim-siyahlar-pm-HBC000054N3ZK,,1761891224
279,https://www.hepsiburada.com/bingo-tek-fista-ultra-guclu-yag-cozucu-sprey-900-ml-pm-HBC00008PVW5P,,1761891311
280,https://www.hepsiburada.com/solo-bambu-katkili-dev-rulo-1-3-kagit-havlu-pm-HBC00007CJ3OY,,1761891366
281,https://www.hepsiburada.com/sleepy-bio-natural-premium-plus-gross-paket-bebek-bezi-5-numara-junior-100-adet-p-HBCV00006BYBYG,,1761891453
282,https://www.hepsiburada.com/bingo-akilli-kapsul-pro-max-bulasik-makinesi-deterjani-tableti-40-li-pm-HBC00006V9KXM,,1761891557
283,https://www.hepsiburada.com/molfix-ultra-firsat-paketi-midi-3-beden-108-adet-pm-HBC00004Z6R7X,,1761891630
284,https://www.hepsiburada.com/molfix-izotonik-sulu-islak-mendil-yenidogan-600-lu-pm-HB00000LNVVK,,1761891653
285,https://www.hepsiburada.com/baby-turco-dogadan-yenidogan-islak-bebek-havlusu-12x60-yaprak-pm-HB00001146H3,,1761891676
286,https://www.hepsiburada.com/dokuru-freeze-dried-cilek-6-li-paket-dondurularak-kurutulmus-citir-cilek-meyve-cipsi-pm-HBC00004KBUPQ,,1761891780
287,https://www.hepsiburada.com/domestos-yogun-kivamli-camasir-suyu-cam-ferahligi-maksimum-hijyen-3240-ml-pm-zybicn9310854,,1761891803
288,https://www.hepsiburada.com/teno-avantaj-paketi-parfum-kokulu-tuvalet-kagidi-32-pm-HBC00000ITLJA,,1761891827
289,https://www.hepsiburada.com/molfix-bebek-bezi-3d-6-beden-extra-large-15-kg-62li-ultra-firsat-paketi-p-HBCV00001HGG6F,,1761891850
290,https://www.hepsiburada.com/c-vitaminli-mango-ananas-aromali-dogal-maden-suyu-6x1-l-pm-HBC00007CQSOK,,1761891954
291,https://www.hepsiburada.com/wefood-organik-tahin-300-gr-yerli-susam-8682392174365-pm-HB0000197WBM,,1761892059
292,https://www.hepsiburada.com/pril-elma-kokulu-bulasik-deterjani-4-kg-elde-yikama-icin-ekonomik-ve-etkili-cozum-pm-zyhen1767303,,1761892083
293,https://www.hepsiburada.com/sleepy-bio-natural-premium-plus-gross-paket-bebek-bezi-6-numara-xlarge-100-adet-p-HBCV00006APR64,,1761892186
294,https://www.hepsiburada.com/altinmarka-alt-208-seker-ilavesiz-sutlu-kuvertur-cikolata-200-gram-pm-HBC00005TF0MD,,1761892293
295,https://www.hepsiburada.com/asperox-sparx-diamond-bulasik-makinesi-kapsulu-60-li-pm-HBC00007DAYT8,,1761892381
296,https://www.hepsiburada.com/solo-hijyenik-temizlik-bezi-pm-HBC00004A3TRO,,1761892438
297,https://www.hepsiburada.com/nilem-sihirli-muhtesem-sivi-1-lt-pm-HB00000E6VXP,,1761892543
298,https://www.hepsiburada.com/bekle-beni-zulfu-livaneli-pm-HBC00009YVZZU,,1761893122
299,https://www.hepsiburada.com/bay-komik-roger-hargreaves-pm-HB00000AJFXX,,1761893194
300,https://www.hepsiburada.com/bay-guclu-roger-hargreaves-pm-HB0000098LC9,,1761893282
301,https://www.hepsiburada.com/bay-mutlu-roger-hargreaves-pm-HB000000W4WB,,1761893371
302,https://www.hepsiburada.com/kucuk-dahiler-aktivite-kitabi-2-3-yas-pedagog-onayli-gulizar-cilliyuz-cetinkaya-pm-HB00000WCGUE,,1761893475
303,https://www.hepsiburada.com/bay-hapsirik-roger-hargreaves-pm-kdogan29881,,1761893562
304,https://www.hepsiburada.com/bay-hayalperest-roger-hargreaves-pm-HB00001B10O7,,1761893649
305,https://www.hepsiburada.com/bay-cesur-roger-hargreaves-pm-HBC000009QY4U,,1761893723
306,https://www.hepsiburada.com/kucuk-bayan-utangac-roger-hargreaves-pm-HB00000BV8TA,,1761893791
307,https://www.hepsiburada.com/kucuk-dahiler-etkinliklerle-matematik-1-kitap-4-5-yas-pm-HBC00005TB7WO,,1761893879
308,https://www.hepsiburada.com/kucuk-dahiler-aktivite-kitabi-1-4-yas-pedagog-onayli-pm-HB00000WCGUI,,1761893946
309,https://www.hepsiburada.com/kultur-yayinlari-ndan-4-8-yas-arasi-cocuklar-icin-hayvanat-bahcesinde-uyku-zamani-sophie-schoenwald-pm-HBC00000ASJYJ,,1761894018
310,https://www.hepsiburada.com/bay-pasakli-roger-hargreaves-pm-kdogan29911,,1761894040
311,https://www.hepsiburada.com/dan-brown-yeni-kitabi-pm-HBC00009NTZTG,,1761894111
312,https://www.hepsiburada.com/bay-zip-zip-roger-hargreaves-pm-HB00000QY9I2,,1761894135
313,https://www.hepsiburada.com/goftem-etkinliklerle-hayvanlar-turkce-ingilizce-50-cikartma-24-sayfa-egitici-aktivite-kitabi-pm-HBC00000OJ7AP,,1761894206
314,https://www.hepsiburada.com/kucuk-bayan-prenses-roger-hargreaves-pm-HBC00008R9VKG,,1761894230
315,https://www.hepsiburada.com/kucuk-dahiler-aktivite-kitabi-1-3-yas-pedagog-onayli-pm-HB00000WCGUK,,1761894252
316,https://www.hepsiburada.com/bay-pisbogaz-roger-hargreaves-pm-HBC00008RA2RP,,1761894340
317,https://www.hepsiburada.com/kucuk-bayan-sansli-roger-hargreaves-pm-HB00001B10OF,,1761894360
318,https://www.hepsiburada.com/kucuk-bayan-duzenli-roger-hargreaves-pm-HB00000P369U,,1761894438
319,https://www.hepsiburada.com/kucuk-dahiler-etkinliklerle-matematik-1-kitap-5-6-yas-pm-HBC00005TB734,,1761894526
320,https://www.hepsiburada.com/bay-unutkan-roger-hargreaves-pm-HB00000QY9HU,,1761894577
321,https://www.hepsiburada.com/genel-kultur-kitabim-taniyorum-cagri-odabasi-pm-HBC00006ON3GF,,1761894636
322,https://www.hepsiburada.com/ilginc-sorular-kitabi-3-hayvanlar-bocekler-orman-kuslar-deniz-pm-HBC0000516KUO,,1761894726
323,https://www.hepsiburada.com/peppa-pig-baloncuklar-pm-HBC000048HEG4,,1761894784
324,https://www.hepsiburada.com/ciz-sil-aktivite-kitabi-dino-diyari-pm-HBC00007772YG,,1761894842
325,https://www.hepsiburada.com/ilginc-sorular-kitabi-kesifler-harfler-duyular-vucudumuz-sayilar-pm-HBC0000516KUM,,1761894924
326,https://www.hepsiburada.com/goftem-etkinliklerle-esyalar-turkce-ingilizce-50-cikartma-24-sayfa-egitici-aktivite-kitabi-pm-HBC00000OJ7AT,,1761895000
327,https://www.hepsiburada.com/kucuk-bayan-eglence-roger-hargreaves-pm-HB0000138I7K,,1761895028
328,https://www.hepsiburada.com/tik-tak-duygu-baloncuklarini-patlat-cagri-odabasi-pm-HBC00009N8BZE,,1761895103
329,https://www.hepsiburada.com/peppa-pig-en-buyuk-abla-peppa-pm-HBC00009FHQXQ,,1761895193
330,https://www.hepsiburada.com/goftem-etkinliklerle-araclar-turkce-ingilizce-50-cikartma-24-sayfa-egitici-aktivite-kitabi-pm-HBC00000ON87B,,1761895275
331,https://www.hepsiburada.com/cumhuriyet-in-ilk-sabahi-sermin-yasar-cocuk-romani-9-12-yas-turkce-120-sayfa-ciltsiz-pm-HBC00004CKVQN,,1761895302
332,https://www.hepsiburada.com/kucuk-bayan-inatci-roger-hargreaves-pm-HB00000P369W,,1761895327
333,https://www.hepsiburada.com/peppa-pig-dogum-gunu-partisi-pm-HBC00003L6DJA,,1761895421
334,https://www.hepsiburada.com/bay-kut-pm-HB00000ODY9C,,1761895530
335,https://www.hepsiburada.com/is-bankasi-kultur-yayinlari-inatci-porsuk-egitici-cocuk-kitabi-20-sayfa-pm-HBC00002GH1FV,,1761895622
336,https://www.hepsiburada.com/zorbaliga-karsi-taktiklerim-var-saniye-bencik-kangal-pm-HBC00003SGU05,,1761895648
337,https://www.hepsiburada.com/kucuk-dahiler-etkinliklerle-alfabe-1-gulizar-cilliyuz-cetinkaya-pm-HBC000000BSGN,,1761895735
338,https://www.hepsiburada.com/peppa-pig-peppa-iyi-biri-pm-HBC00003WM6Q1,,1761895817
339,https://www.hepsiburada.com/peppa-pig-buyuyunce-ne-olsam-pm-HBC000048HEGK,,1761895890
340,https://www.hepsiburada.com/bebegimin-ilk-kesifler-kitabi-tasitlar-yiyecekler-zit-kavramlar-pm-HBC00007B1RSF,,1761895965
341,https://www.hepsiburada.com/ozguvenim-tam-hata-yapmaktan-korkmam-saniye-bencik-kangal-pm-HBC00006UPWHC,,1761896049
342,https://www.hepsiburada.com/bayan-sarilgan-roger-hargreaves-pm-kdogan29935,,1761896106
343,https://www.hepsiburada.com/operasyon-nohut-pilav-savunma-hakki-ergun-kazanir-pm-HBC00008487KI,,1761896134
344,https://www.hepsiburada.com/bay-sacma-roger-hargreaves-pm-HBC00004KJKRJ,,1761896191
345,https://www.hepsiburada.com/genel-kultur-kitabim-fark-ediyorum-cagri-odabasi-pm-HBC000074SZUH,,1761896260
346,https://www.hepsiburada.com/bay-havali-roger-hargreaves-pm-HBC000060FZ44,,1761896352
347,https://www.hepsiburada.com/tik-tak-davranis-baloncuklarini-patlat-ciltli-cagri-odabasi-pm-HBC0000A9DCFS,,1761896453
348,https://www.hepsiburada.com/neyin-var-porsuk-constanze-von-kitzing-pm-HBC00000CNIE1,,1761896479
349,https://www.hepsiburada.com/bay-sakin-roger-hargreaves-pm-HBC000025O0Z6,,1761896584
350,https://www.hepsiburada.com/is-bankasi-kultur-yayinlari-3-5-yas-cocuk-kitabi-paylasmak-istemeyen-ayi-oakley-graham-masal-serisi-24-sayfa-turkce-ciltsiz-pm-HBC00003USRJ2,,1761896638
351,https://www.hepsiburada.com/bay-neseli-roger-hargreaves-pm-HBC00001ELDLH,,1761896712
352,https://www.hepsiburada.com/bay-kocaburun-roger-hargreaves-pm-HBC00000F29WX,,1761896805
353,https://www.hepsiburada.com/kaplancigin-ruyasi-elsa-klever-pm-HB00000WQOPX,,1761896864
354,https://www.hepsiburada.com/kucuk-bayan-mucit-roger-hargreaves-pm-HB00000P369S,,1761896974
355,https://www.hepsiburada.com/is-bankasi-kultur-yayinlari-gecmis-olsun-tarcin-4-8-yas-renkli-resimli-cocuk-oyku-kitabi-andreas-konig-tarcin-serisi-ciltsiz-32-sayfa-turkce-pm-HBC00005BZPX6,,1761897065
356,https://www.hepsiburada.com/iyilik-timi-metin-ozdamarlar-pm-HBC00006M39WB,,1761897119
357,https://www.hepsiburada.com/kucuk-bayan-gunisigi-roger-hargreaves-pm-kdogan29928,,1761897193
358,https://www.hepsiburada.com/kilitli-4-kapakli-metal-ayakkabilik-antrasit-p-HBCV00008RIEJY,,1761898588
359,https://www.hepsiburada.com/semgiller-ultra-guclu-yapiskanli-5li-seffaf-aski-pm-HBC00002BMA4R,,1761898691
360,https://www.hepsiburada.com/mobilya-pratik-kilitli-4-lu-metal-ayakkabilik-beyaz-p-HBCV000044YFG8,,1761898844
361,https://www.hepsiburada.com/kadin-girisimci-ve-uretim-kooperatifi-laptop-sehpasi-ve-calisma-sehpasi-pm-HBC00005FMB6S,,1761898938
362,https://www.hepsiburada.com/pratico-7-sepetli-cok-amacli-oyuncak-dolabi-beyaz-122x30x45-5-cm-pm-HBC00009OV05U,,1761899031
363,https://www.hepsiburada.com/risingmaber-metal-beyaz-amerikan-kapi-arkasi-askilik-organizer-askilik-ve-banyo-kapi-arkasi-askilik-pm-HBC00004IQYJT,,1761899091
364,https://www.hepsiburada.com/bofigo-portmanto-duvar-askiligi-elbise-askiligi-beyaz-80-cm-p-HBCV00000JJHV7,,1761905206
365,https://www.hepsiburada.com/minera-anka-montessori-ahsap-yer-kitapligi-mavi-mdf-58x34x37-cm-cocuk-odasi-kitap-ve-oyuncak-duzenleyici-pm-HBC00007CSXY9,,1761905355
366,https://www.hepsiburada.com/bofigo-konfeksiyon-askisi-ayakli-askilik-elbise-askiligi-siyah-p-HBV00000PN62L,,1761905372
367,https://www.hepsiburada.com/bofigo-duser-kapak-kayar-rafli-3-bolmeli-ayakkabilik-p-HBCV00002NTWKP,,1761905535
368,https://www.hepsiburada.com/metal-ayakkabilik-3-lu-beyaz-ral-9016-pm-HBC0000AED1VU,,1761905700
369,https://www.hepsiburada.com/mobilya-pratik-kilitli-5-li-metal-ayakkabilik-sari-p-HBCV00004RGMRQ,,1761905762
370,https://www.hepsiburada.com/ceramical-ms1-metal-ayakli-calisma-masasi-160cm-cam-p-HBV0000119LBA,,1761905846
371,https://www.hepsiburada.com/imbas-opal-3-kapakli-2-cekmeceli-gardirop-pm-HBC000075FWV0,,1761906007
372,https://www.hepsiburada.com/mowo-3-katli-tekerlekli-banyo-rafi-mutfak-rafi-havluluk-deterjanlik-makyaj-organizer-p-HBCV000074TLIW,,1761906049
373,https://www.hepsiburada.com/14-cekmeceli-cok-amacli-oyuncak-dolabi-ve-saklama-unitesi-cocuk-odasi-duzenleyici-etiket-hediyeli-pm-HBC0000A1NL2C,,1761906105
374,https://www.hepsiburada.com/bofigo-9-sepetli-dolap-cok-amacli-dolap-oyuncak-dolabi-cagla-safir-mese-pm-HBC00005SSYF9,,1761906182
375,https://www.hepsiburada.com/cavdar-group-chawood-midi-ahsap-cubuklu-ayakkabilik-4-bolmeli-duzenleyici-8-cift-ayakkabi-kapasiteli-raf-unitesi-pm-HBC00007F7HXD,,1761906248
376,https://www.hepsiburada.com/ipekel-banyo-dolabi-pleksi-kapak-29-cm-yukseklik-45-cm-genislik-11-cm-derinlik-pm-HB00000PM1C0,,1761906268
377,https://www.hepsiburada.com/servetavci-yukseklik-ayarli-calisma-masasi-atlantik-cam-tekerli-80x40-pm-HBC00001HFQY8,,1761906340
378,https://www.hepsiburada.com/fastwood-basamakli-ahsap-tabure-p-HBCV0000282DZU,,1761906486
379,https://www.hepsiburada.com/dest-mobilya-4-lu-ruya-mdf-zigon-sehpa-ceviz-p-HBCV00000UF97K,,1761906567
380,https://www.hepsiburada.com/pillowart-visco-bel-yastigi-sirt-minderi-ortopedik-bel-minderi-100-visco-destek-minder-pm-HBC000064W50E,,1761906684
381,https://www.hepsiburada.com/katlanabilir-moduler-dolap-4-lu-pratik-ve-sik-depolama-cozumu-p-HBCV000088QFXP,,1761906737
382,https://www.hepsiburada.com/bofigo-mutfak-standi-2-kapakli-4-rafli-kahve-kosesi-mutfak-rafi-mutfak-bangosu-kolombiya-beyaz-p-HBCV00005ZBF2I,,1761906777
383,https://www.hepsiburada.com/lumodi-mobilya-elma-modeli-masa-sandalye-takimi-4-sandalye-1-sabit-ceviz-masa-110-x-70-cm-keten-kumas-p-HBCV000086TWLY,,1761906862
384,https://www.hepsiburada.com/imbas-mobilya-inci-4-cekmeceli-sifonyer-pm-HBC00006M1YR6,,1761906897
385,https://www.hepsiburada.com/mowo-home-2-katli-mutfak-duzenleyici-plastik-raf-40x22-cm-modern-tasarim-ile-genis-depolama-pm-HBC00009TJ83E,,1761906922
386,https://www.hepsiburada.com/kilitli-5-kapakli-metal-ayakkabilik-beyaz-p-HBCV00008RIZ1Q,,1761907009
387,https://www.hepsiburada.com/bofigo-60x120-cm-2-rafli-calisma-masasi-bilgisayar-masasi-ofis-ders-yemek-masasi-cam-p-HBV00000PWUPC,,1761907037
388,https://www.hepsiburada.com/ace-metal-ayakkabilik-pm-HBC00005X45SH,,1761907184
389,https://www.hepsiburada.com/morpanya-sera-metal-kitaplik-5-rafli-cok-amacli-dosya-kitap-rafi-ofis-salon-mutfak-raf-150-cm-ceviz-pm-HBC0000157L7V,,1761907203
390,https://www.hepsiburada.com/art-2-kapakli-erzak-kiler-dolabi-mutfak-atlantik-cam-beyaz-p-HBCV00007BZM3C,,1761907270
391,https://www.hepsiburada.com/jest-dekor-konsept-helsa-beyaz-4-rafli-ahsap-ayakkabilik-cok-amacli-dekoratif-raf-organizer-demonte-ve-kolay-montaj-p-HBCV00006JK6KV,,1761907291
392,https://www.hepsiburada.com/risingmaber-metal-mat-siyah-amerikan-kapi-arkasi-askilik-organizer-askilik-ve-banyo-kapi-arkasi-askilik-pm-HBC00002V1B5H,,1761907322
393,https://www.hepsiburada.com/ceramical-ms1-metal-ayakli-calisma-masasi-160cm-beyaz-p-HBV00000Q7F85,,1761907437
394,https://www.hepsiburada.com/noktali-portmanto-vestiyer-duvar-dolap-elbise-askisi-krom-metal-mobilya-kapi-askiligi-askilik-5-adet-pm-HBC0000939J3R,,1761907592
395,https://www.hepsiburada.com/noktali-portmanto-vestiyer-duvar-dolap-elbise-askisi-siyah-metal-mobilya-kapi-askiligi-askilik-5-adet-pm-HBC0000939EXD,,1761907670
396,https://www.hepsiburada.com/basamakli-buyuk-tabure-antresit-gri-pm-HBC00008JPST1,,1761907734
397,https://www.hepsiburada.com/ata-home-montessori-cocuk-kitaplik-p-HBV0000196JHU,,1761907789
398,https://www.hepsiburada.com/rabi-mobilya-zenn-tv-unitesi-pm-HBC00006LN7LH,,1761907891
399,https://www.hepsiburada.com/8-cekmeceli-cok-amacli-oyuncak-dolabi-ve-saklama-unitesi-cocuk-odasi-duzenleyici-etiket-hediyeli-pm-HBC0000ACQCXE,,1761907922
400,https://www.hepsiburada.com/imbas-mobilya-inci-2-kapakli-kitaplik-pm-HBC00006NF8TL,,1761907971
401,https://www.hepsiburada.com/lefty-riv-montajsiz-petek-ustu-ucan-raf-dresuar-kalorifer-petegi-rafi-kitaplik-80x18-cm-cam-oval-kesim-p-HBCV00005VVP8R,,1761907994
402,https://www.hepsiburada.com/vigo-wood-kitap-okuma-standi-yukseklik-ayarlanabilir-katlanabilir-360-donebilen-laptop-standi-pm-HBC00004AIWDR,,1761908034
403,https://www.hepsiburada.com/masifmarket-2-kapakli-cok-amacli-amalfi-dolap-p-HBCV00005DQBOA,,1761908103
404,https://www.hepsiburada.com/basamakli-mutfak-tabure-merdiven-p-HBCV0000731WDY,,1761908147
405,https://www.hepsiburada.com/bofigo-3-lu-metal-zigon-sehpa-zigon-sehpa-orta-sehpa-yan-sehpa-cam-p-HBCV00001AY2HG,,1761908205
406,https://www.hepsiburada.com/bofigo-60x90-cm-calisma-masasi-bilgisayar-masasi-ofis-ders-yemek-masasi-beyaz-p-HBV00000PWUP6,,1761908322
407,https://www.hepsiburada.com/mobben-ankastre-dolabi-firin-dolabi-ankastre-ayakli-kapakli-firin-dolabi-ocak-dolabi-pm-HBC00007WOEPL,,1761908441
408,https://www.hepsiburada.com/sebat-home-yakut-seffaf-silikon-yapiskanli-aski-pm-HBC00002BU4DH,,1761908468
409,https://www.hepsiburada.com/ceramical-spa-yukseklik-ayarli-laptop-sehpasi-cam-p-HBCV00000CMCA4,,1761908610
410,https://www.hepsiburada.com/cajuart-pastel-renkli-evler-ahsap-anahtarlik-hol-antre-askilik-duvar-dekor-pm-HBC00005MX8NI,,1761908763
411,https://www.hepsiburada.com/dehalimited-frenli-tekerlekli-yukseklik-ayarli-tv-duvar-paneli-tv-standi-konsol-hareketli-televizyon-unitesi-pm-HBC000089KCRC,,1761908800
412,https://www.hepsiburada.com/candy-cok-amacli-oyuncak-dolabi-cok-amacli-oyuncak-sepeti-pm-HBC00009UIF7S,,1761908817
413,https://www.hepsiburada.com/mobpazar-karyola-cemre-metal-karyola-90-x-190-cm-p-HBCV00006OT0EP,,1761908877
414,https://www.hepsiburada.com/imbas-inci-4-kapakli-2-cekmeceli-gardirop-beyaz-100-mdf-pm-HBC00006SXRSG,,1761908925
415,https://www.hepsiburada.com/tolunay-portmanto-ayakli-askilik-yonca-model-ceviz-p-HBV00000Q87MT,,1761908978
416,https://www.hepsiburada.com/esnafdede-ayakkabilik-5-katli-bolmeli-ayakkabi-dolabi-portatif-dolap-raf-duzenleyici-organizer-1-adet-siyah-pm-HBC00003BIRHP,,1761909064
417,https://www.hepsiburada.com/bofigo-mutfak-standi-espresso-makinesi-standi-kahve-kosesi-mutfak-rafi-endonezya-beyaz-p-HBCV00006LO8JM,,1761909100
418,https://www.hepsiburada.com/10-adet-30x30-mikrofiber-temizlik-bezi-p-HBCV00009NPRT4,,1761916044
419,https://www.hepsiburada.com/ezere-16000pa-guclu-dijital-gostergeli-vakumlu-kablosuz-uflemeli-mini-arac-supurgesi-pm-HBC00009S1JRE,,1761916103
420,https://www.hepsiburada.com/auhma-ahv-09-kablosuz-tasinabilir-arac-ici-el-supurgesi-17000pa-guclu-vakum-4-u-1-arada-cok-amacli-temizlik-pm-HBC000088UFL5,,1761916167
421,https://www.hepsiburada.com/mioji-mio-d6h-20000mah-3-7v-1200a-jump-starter-led-isikli-hizli-sarj-destekli-aku-takviye-cihazi-pm-HBC00005H32Y9,,1761916257
422,https://www.hepsiburada.com/sihirli-mop-araba-yikama-fircasi-mikrofiber-bezli-teleskopik-sapli-pm-HBC000037LBGB,,1761916274
423,https://www.hepsiburada.com/araba-gunes-golge-koruyucu-semsiye-oto-on-cam-guneslik-pm-HBC00004JH0IG,,1761916290
424,https://www.hepsiburada.com/brtshopping-yeni-nesil-numarator-pm-HBC00000680TX,,1761916440
425,https://www.hepsiburada.com/yeni-model-auhma-3600-mah-sarjli-hava-pompasi-arac-lastik-bisiklet-top-sisirme-oto-hava-kompresoru-pm-HBC00007HXW5J,,1761916562
426,https://www.hepsiburada.com/embatech-arac-ici-2in1-android-ve-apple-cihazlar-icin-kablosuz-android-auto-ve-carplay-adaptoru-emt-006-pm-HBC00007N6W8H,,1761916646
427,https://www.hepsiburada.com/nasiol-glasshield-nano-yagmur-kaydirici-cam-yuzey-seramik-kaplama-spreyi-2-yil-dayanim-50ml-su-itici-pm-HB00000E5H9Y,,1761916706
428,https://www.hepsiburada.com/7go-ahv-14-2-si-1-arada-kablosuz-arac-ici-supurge-mor-18000pa-guclu-vakum-ufleme-cam-kirici-kemer-kesici-acil-durum-ozellikli-p-HBCV00008P84KG,,1761916835
429,https://www.hepsiburada.com/osram-tyreinflate-200-lastik-sisirme-kompresoru-12v-4-5-dakikada-lastik-sisirir-3m-guc-kablosu-pm-HB00001C4OVK,,1761916905
430,https://www.hepsiburada.com/70mai-arac-kamerasi-a800se-1-4k-ultra-hd-cozunurluk-4k-on-ve-arka-rc22-kamera-super-gece-gorusu-gelistirilmis-on-bellekli-acil-kayit-5-modlu-adas-super-kapasitor-daha-hizli-wi-fi-6-arac-kamerasi-pm-HBC00009RAGB7,,1761917003
431,https://www.hepsiburada.com/nasiol-arac-kurulama-havlusu-pm-HBC00004KHI7D,,1761917031
432,https://www.hepsiburada.com/kraftech-yeni-nesil-premium-i-buharli-araba-far-temizleme-ve-parlatma-seti-9-parca-urun-p-HBCV00000NDMET,,1761917045
433,https://www.hepsiburada.com/cift-tarafli-bant-10-mm-x-5-metre-super-guclu-montaj-bandi-seffaf-pm-otmlbm01,,1761917203
434,https://www.hepsiburada.com/carlover-s12-4k-arac-kamerasi-2160p-genis-aci-170-wi-fi-ozellikli-gece-goruslu-pm-HBC00007OL3KZ,,1761917366
435,https://www.hepsiburada.com/7go-7gab-03-kablosuz-arac-ici-supurge-20-000pa-guclu-emis-90-000rpm-fircasiz-motor-15-000mah-uzun-omurlu-batarya-ufleme-vakum-2-si-1-arada-pm-HBC00009NR186,,1761917429
436,https://www.hepsiburada.com/metal-kasa-numara-cevirmeli-ayarli-arac-ici-telefon-numarator-park-numarasi-parkmatik-1-adet-pm-HBC000091MSXM,,1761917474
437,https://www.hepsiburada.com/3m-nano-kil-hamuru-clay-bar-38070-180-gr-pm-HB00000ILE8C,,1761917512
438,https://www.hepsiburada.com/motul-odor-neutralizer-air-freshener-koku-notralizatoru-ve-hava-tazeleyici-250gr-pm-HBC00008BCW9Q,,1761917753
439,https://www.hepsiburada.com/gika-arac-ici-on-cam-semsiye-guneslik-pm-HBC00005BFXH0,,1761917788
440,https://www.hepsiburada.com/selsil-motor-temizleme-spreyi-2-x-500-ml-derinlemesine-temizlik-arac-bakim-urunu-pm-HBC0000092FRT,,1761917804
441,https://www.hepsiburada.com/3m-cift-tarafli-kopuk-bant-15-mm-genislik-4-5-metre-pm-HB00001BLZ6W,,1761917891
442,https://www.hepsiburada.com/barcar-deri-oto-bagaj-organizeri-sivi-gecirmez-cok-bolmeli-50x30x31-cm-arac-ev-ve-ofis-duzeni-icin-pm-HBC00007CTNFL,,1761918038
443,https://www.hepsiburada.com/carlover-s2-4k-wifi-arac-kamerasi-2160p-170-genis-aci-arka-kamera-ile-yuksek-cozunurluk-pm-HBC00007OJJJ5,,1761918075
444,https://www.hepsiburada.com/selsil-fren-balata-temizleyici-sprey-toz-ve-yag-giderici-leke-birakmayan-metal-asindirmayan-500-ml-tum-arac-modelleri-icin-pm-HB0000048JY0,,1761918136
445,https://www.hepsiburada.com/goodyear-kirmizi-organik-antifriz-3-lt-56-c-yuksek-performansli-uzun-sureli-kis-korumasi-pm-HBC000018BAAD,,1761918151
446,https://www.hepsiburada.com/goodyear-205-55-r16-91h-wintercommand-yeni-desen-oto-kis-lastigi-uretim-yili-2025-pm-HBC00009JMSMK,,1761918214
447,https://www.hepsiburada.com/mioji-mio-10-tasinabilir-150psi-12v-120w-arac-hava-pompasi-pm-HBC00005HCIGX,,1761918276
448,https://www.hepsiburada.com/juo-kablosuz-carplay-android-auto-kabloludan-kablosuza-cevirici-usb-ve-type-c-adaptor-pm-HBC00009SBHTZ,,1761918351
449,https://www.hepsiburada.com/karbon-soft-kisiye-ozel-isimli-adet-kabartmali-takmatik-arac-logo-plakalik-pm-HBC000031GSPA,,1761918378
450,https://www.hepsiburada.com/carsense-oto-parfum-mango-kavun-sprey-arac-kokusu-200-ml-pm-HBC00004SK0KQ,,1761918392
451,https://www.hepsiburada.com/ddpai-n5-dual-arac-ici-kamera-ile-uyumlu-kablolu-radar-modulu-kiti-yuksek-hassasiyetli-hareket-algilama-pm-HBC00007IO0B1,,1761918490
452,https://www.hepsiburada.com/wicom-akilli-ogrenebilen-kepenk-bariyer-garaj-kumandasi-pm-HBC00002BOARQ,,1761918594
453,https://www.hepsiburada.com/polham-2-litre-yuksek-basincli-arac-yikama-kopuk-puskurtucu-el-pompasi-otomobil-bahce-temizleme-pompasi-pm-HBC00004H1SOO,,1761918681
454,https://www.hepsiburada.com/worf-sampuanli-antifrizli-cam-suyu-5-l-30-c-limon-kokulu-gagali-kolay-dokum-bidon-arac-cam-temizleyici-pm-HBC00000JR9CS,,1761918793
455,https://www.hepsiburada.com/6-li-mikrofiber-oto-yikama-seti-kurulama-bezi-cam-bezi-guderi-oto-eldiven-oto-sunger-detay-fircasi-pm-HBC00009PZ68K,,1761918869
456,https://www.hepsiburada.com/auhma-ahv-02-kablosuz-arac-ici-supurge-mor-17000pa-guclu-vakum-fircasiz-motor-ufleme-vakum-ozellikli-9-baslik-type-c-kablo-p-HBCV00009BHHVF,,1761918912
457,https://www.hepsiburada.com/haegs-araba-bagaj-cantasi-arac-ici-duzenleyici-organizer-duzenleyici-oto-aksesuarlari-50lt-siyah-p-HBCV00007D01RG,,1761918979
458,https://www.hepsiburada.com/efe-deri-gs-takim-efe-deri-dikisli-oto-ruhsat-kilifi-kabi-arac-ruhsat-koruyucu-ruhsatlik-p-HBCV00009G0VLG,,1761919068
459,https://www.hepsiburada.com/batcell-oto-arac-araba-pasta-cila-polisaj-sungeri-kecesi-pedi-115-mm-parlatici-parlatma-seti-11-parca-pm-HBC00007IHZYN,,1761919124
460,https://www.hepsiburada.com/kohlemann-tasinabilir-titresimli-oto-koltuk-masaj-minderi-isiticili-minder-8-programli-masaj-aleti-pm-HBC00005LD2YL,,1761919196
461,https://www.hepsiburada.com/cinartech-cantali-aku-takviye-kablosu-1200-amper-2-metre-pm-HB000014V363,,1761919346
462,https://www.hepsiburada.com/mini-mini-cooper-5-kapi-1-5-136-resolute-edition-araca-uygun-arac-ici-numarator-oto-kemer-yukselten-toka-2-adet-pm-HBC00009KGYX0,,1761919520
463,https://www.hepsiburada.com/firca-seti-arac-oto-araba-klima-havalandirma-detayli-temizlik-fircasi-premium-yumusak-tuylu-firca-pm-HBC00009VXZCJ,,1761919534
464,https://www.hepsiburada.com/buxeco-butun-araclara-uygun-kemer-toka-aparati-plastik-5-adet-pm-HBC00006P3O5Z,,1761919583
465,https://www.hepsiburada.com/numune-market-suhvee-mikrofiber-arac-ic-dis-yikama-temizleme-toz-birakmaz-kurulama-cam-bezi-araba-yikama-havlusu-30x60-p-HBCV0000581XJJ,,1761919598
466,https://www.hepsiburada.com/balt-balata-ve-genel-temizleyici-sprey-pm-HBC0000ACHXNW,,1761919702
467,https://www.hepsiburada.com/evwallbox-22kw-mobil-tasinabilir-elektrikli-arac-sarj-cihazi-pm-HBC00006VWR6S,,1761919768
468,https://www.hepsiburada.com/tesla-model-y-juniper-2025-uyumlu-sahler-4-5d-pro-premium-oto-havuzlu-paspas-model-y-juniper-2025-pm-HBC00008XO9LT,,1761919783
469,https://www.hepsiburada.com/liqui-moly-ceratec-cera-tec-seramik-bazli-motor-koruma-7181-pm-HB0000081NK9,,1761919858
470,https://www.hepsiburada.com/karbon-soft-kisiye-ozel-isimli-2-adet-arac-logo-kabartmali-siyah-plakalik-pm-HBC000045DZLC,,1761919874
471,https://www.hepsiburada.com/kunzel-dizel-enjektor-temizleyici-pm-HB00000PDMQW,,1761919890
472,https://www.hepsiburada.com/newmix-gold-serisi-cilali-oto-sampuani-5-kg-premium-kalite-ile-derinlemesine-temizlik-pm-HB0000119UQJ,,1761919904
473,https://www.hepsiburada.com/tum-araclar-icin-araba-on-cam-guneslik-katlanabilir-guneslik-semsiye-on-cam-golgelik-esnek-pm-HBC000080EQIB,,1761919920
474,https://www.hepsiburada.com/luxor-kimya-4-mevsim-52-derece-ultrasonic-antifiriz-5-litre-pm-HBC00003BQF7I,,1761919985
475,https://www.hepsiburada.com/vestel-elektrikli-arac-sarj-istasyonu-evc04-22kw-kablolu-pm-HBC00004KOB8N,,1761920000
476,https://www.hepsiburada.com/auto-fresh-12-li-efsane-arac-bakim-seti-firsat-full-oto-bakim-temizlik-seti-pm-HBC000004RVRO,,1761920056
477,https://www.hepsiburada.com/magena-lastik-tamir-kiti-sprey-kopugu-400-ml-pm-HBC00008FJHU4,,1761920197
478,https://www.hepsiburada.com/magly-manyetik-yapi-bloklari-cocuklar-icin-renkli-3-boyutlu-36-parca-manyetik-karo-oyun-seti-pm-HBC00007BHN4X,,1762154887
479,https://www.hepsiburada.com/magly-manyetik-yapi-bloklari-cocuklar-icin-renkli-3-boyutlu-36-parca-manyetik-karo-oyun-seti-pm-HBC000089KT5Q,,1762154908
480,https://www.hepsiburada.com/childgen-oyun-hamuru-ecocup-125-gr-4-lu-set-pm-HBC00006DIK4C,,1762154999
481,https://www.hepsiburada.com/pureseed-natural-organik-sertifikali-bebek-sampuani-parfumsuz-400ml-pm-HBC00004H2GVV,,1762155022
482,https://www.hepsiburada.com/sleepy-easy-clean-lilyum-buketi-islak-yuzey-temizlik-havlusu-mendili-100-yaprak-pm-HBC000079Y1IM,,1762155227
483,https://www.hepsiburada.com/siveno-100-dogal-emzik-ve-biberon-temizleyicisi-bitkisel-elde-bulasik-sabunu-nemlendirici-vegan-500-ml-pm-HB00000NHAEJ,,1762155249
484,https://www.hepsiburada.com/sleepy-easy-clean-kiraz-cicegi-islak-yuzey-temizlik-havlusu-mendili-100-yaprak-pm-HBC000079Y10B,,1762155414
485,https://www.hepsiburada.com/lego-classic-lego-orta-boy-yaratici-yapim-kutusu-10696-4-yas-uzeri-cocuklar-icin-yaratici-oyuncak-yapim-seti-484-parca-pm-aileneco10696,,1762155436
486,https://www.hepsiburada.com/solo-temizlikte-dogal-guc-beyaz-sabun-ferahligi-yuzey-temizlik-havlusu-100-yaprak-pm-HBC00006JDOVQ,,1762155633
487,https://www.hepsiburada.com/solo-temizlikte-ultra-guc-sedir-agaci-yasemin-esintisi-yuzey-temizlik-havlusu-100-yaprak-pm-HBC00006JDOM0,,1762155781
488,https://www.hepsiburada.com/sleepy-easy-clean-beyaz-sabun-katkili-islak-yuzey-temizlik-havlusu-mendili-100-adet-pm-HBC00002R22VO,,1762155992
489,https://www.hepsiburada.com/go-toys-ic-organ-ogretici-fen-egitimi-giyilebilir-egitici-oyuncak-anaokulu-oyuncak-pm-HBC000058VP6R,,1762156015
490,https://www.hepsiburada.com/solo-temizlikte-ultra-guc-limon-portakal-tazeligi-yuzey-temizlik-havlusu-100-yaprak-pm-HBC00008TKK3H,,1762156034
491,https://www.hepsiburada.com/siveno-dogal-bebek-cocuk-jel-sampuani-yenidogan-sac-vucut-konak-onleyici-325-ml-pm-HBC0000854DEL,,1762156193
492,https://www.hepsiburada.com/solo-temizlikte-dogal-guc-okaliptus-cam-esintisi-yuzey-temizlik-havlusu-100-yaprak-pm-HBC00006JDOAE,,1762156215
493,https://www.hepsiburada.com/solo-aquablock-cam-yuzeylere-ozel-temizlik-havlusu-3-lu-90-yaprak-pm-HBC0000AIFFJ0,,1762156351
494,https://www.hepsiburada.com/sleepy-easy-clean-orkide-bahcesi-islak-yuzey-temizlik-havlusu-mendili-100-yaprak-pm-HBC000079Y0H7,,1762156381
495,https://www.hepsiburada.com/lansinoh-lanolin-gogus-ucu-kremi-40-ml-pm-oyunvolankr40,,1762156501
496,https://www.hepsiburada.com/direct-nexus-yetiskinler-ve-cocuklar-icin-sarj-edilebilir-tasinabilir-mesh-nebulizator-pm-HBC000001RFWL,,1762156720
497,https://www.hepsiburada.com/sleepy-sensivite-kutulu-islak-havlu-3x50-adet-bebekler-icin-dermatolojik-olarak-test-edilmis-hassas-ciltler-icin-pm-HBC00007192BK,,1762156951
498,https://www.hepsiburada.com/lego-disney-yukari-bak-evi-43217-9-yas-uzeri-cocuklar-icin-yaratici-oyuncak-yapim-seti-598-parca-pm-HBC000040GABL,,1762157241
499,https://www.hepsiburada.com/baby-me-bebek-temizleme-pamugu-6x60-adet-pm-aileebke20030,,1762157338
500,https://www.hepsiburada.com/babyjem-onden-acilir-banyo-mama-oturagi-gri-p-HBCV00002D6EDC,,1762157629
501,https://www.hepsiburada.com/scoot-and-ride-highwaykick-1-oturakli-cocuk-scooter-acik-gri-160629-96268-p-HBV0000138Q95,,1762157833
502,https://www.hepsiburada.com/lego-technic-arazi-yarisi-arabasi-42164-8-yas-uzeri-cocuklar-icin-yaratici-oyuncak-model-yapim-seti-219-pr-pm-HBC00005LDEWR,,1762157930
503,https://www.hepsiburada.com/siveno-100-dogal-bebek-pisik-onleyici-jel-krem-cinko-hassas-hipoalerjenik-vegan-bakim-kremi-50-ml-pm-HBC0000933ZZE,,1762158014
504,https://www.hepsiburada.com/robeve-550-ml-otomatik-hava-nemlendirici-buhar-makinesi-oda-nemlendirici-aroma-difuzor-p-HBCV000032ODWX,,1762158037
505,https://www.hepsiburada.com/lego-botanicals-mini-orkide-10343-yetiskinler-icin-model-yapim-seti-274-parca-pm-HBC00007GPXJ1,,1762158265
506,https://www.hepsiburada.com/magly-ball-run-parkur-oyunu-cocuklar-icin-renkli-3-boyutlu-101-parca-manyetik-yapi-seti-pm-HBC0000APL5IE,,1762158382
507,https://www.hepsiburada.com/siveno-100-dogal-bebek-kopuk-sampuani-yenidogan-sac-ve-vucut-icin-nemlendirici-bitkisel-vegan-250-ml-pm-HB00000HMZQH,,1762158471
508,https://www.hepsiburada.com/sleepy-gunluk-kullanim-islak-temizleme-mendili-90-yaprak-defne-ve-zeytin-yaprakli-alkol-icermeyen-dogal-formul-pm-HB00000H5CMP,,1762158480
509,https://www.hepsiburada.com/philips-avent-natural-response-cam-biberon-120ml-0-ay-scy930-01-pm-HBC00004UX8I8,,1762158481
510,https://www.hepsiburada.com/siveno-100-dogal-bebek-yagi-organik-jojoba-bakim-masaj-yagi-parafinsiz-bitkisel-vegan-50-ml-pm-HBC00005FM7BA,,1762158483
511,https://www.hepsiburada.com/bebebao-240-ml-elektrikli-sut-sagma-pompasi-pm-HBC00005SRKFZ,,1762158485
512,https://www.hepsiburada.com/turco-dogadan-pratik-yuzey-temizlik-havlusu-yesil-sabun-lavanta-limon-3x100-pm-HBC00009I0P84,,1762158486
513,https://www.hepsiburada.com/gerber-organik-bugday-ve-yulafli-domates-havuc-ve-soganli-bebek-ve-kucuk-cocuk-atistirmaligi-35-gr-pm-HBC00000E7SNY,,1762158488
514,https://www.hepsiburada.com/lego-city-polis-arabasi-60312-5-yas-uzeri-cocuklar-icin-yaratici-oyuncak-yapim-seti-94-parca-pm-HBC000015G3K5,,1762158489
515,https://www.hepsiburada.com/sleepy-easy-clean-camasir-suyu-katkili-islak-yuzey-temizlik-havlusu-mendili-100-adet-pm-HBC00004LDCX6,,1762158491
516,https://www.hepsiburada.com/philips-avent-natural-response-pp-biberon-125ml-0-ay-scy900-01-pm-HBC00004UX8HW,,1762158492
